Titre,Date,Lieu,Hauteur,Largeur,Support,Matiere
Regarde-moi qui t'aime,3/1/1961,Paris,92,65,toile,huile
13,1/1/1950,Nice ?,31.5,41,Papier,gouache
15,1/1/1950,Nice ?,42,31.5,Papier,gouache
D 35,1/1/1953,Fontainebleau,32.5,25,Papier,gouache
Machine à remonter le temps,10/1/1952,Nice,24,31.5,Papier,gouache
sans titre,1/1/1950,Nice,25.5,34.5,Papier,gouache
Etude pour Nice - Composition,4/1/1950,Nice,31,23,Papier,gouache
4,1/1/1950,,23.5,31.5,Papier,gouache
La lutte de Jacob avec l'Ange,1/1/1959,Paris,27.5,47.5,Papier,gouache
etude 1,,,22,15.5,Papier,gouache
etude 2,,,21.5,16,Papier,gouache
etude 3,,,21.5,15.5,Papier,gouache
Sans titre,1/1/1970,Paris,26,34,papier sur isorel,huile
Chemin vers le silence,1/1/1971,Paris,92,73,toile,huile
L'abbaye de Thelème,8/2/1967,Dinard - Paris,55,38,isorel,huile
Il faut être raisonnable mais pas trop,2/18/1967,Paris,45.5,60.5,toile,huile
"La rivière, à la fin, sut traverser le pont",8/5/1967,Paris,38,65,isorel,huile
C'est ainsi que l'archange tua le dragon,5/28/1967,Paris,24,33,isorel,huile
Attente,5/1/1973,Paris,60,81,toile,huile
Y courir les yeux fermés,4/1/1973,Paris,92.5,60,toile,huile
Sans titre,12/1/1950,Nice,100,65,toile,huile
Un gardien du mystère,7/25/1970,Paris,38,46,papier sur bois,huile
étude encre de chine,1/1/1950,Nice,27,37,papier,encre de chine
étude encre de chine,1/1/1950,Nice,26,21,papier,encre de chine
sans titre,8/1/1952,Nice,31.5,24,papier,gouache
étude,5/1/1954,Fontainebleau,24,31.5,papier,gouache
étude,,,31.5,23.5,papier,gouache
,4/1/1952,Nice,25,32.5,papier,gouache
,11/1/1951,Nice,21,26,papier,gouache
Souvenir d'un meurtre,7/1/1960,,31,21.5,papier sur bois,huile
Le Soleil du Détroit de Messine,1/1/1974,,92,65,toile,huile
Lonesome October,11/1/1968,,65,92,toile,huile
Peinture qui ne plaira qu'à ceux qui la connaîtront déjà,1/1/1973,,55,46,papier sur bois,huile
Sans,7/1/1961,,55,33,isorel,huile
Coucher du Soleil aux derniers jours…,9/1/1936,La Thibaudière,27,35,carton,huile
L'Espérance,1/1/1976,,65,46.40000153,toile,huile
L'autre face de la lune vue en 1966 par…,,Paris,,,,
Peinture ambiguë et figurative de Saint Christophe,1/1/1974,,55,46,papier sur bois,huile
Et tout cela est arrivé parce que j'étais…..,,,64,49,papier,gouache
Sans titre,8/1/1961,St Enogat,61,38,isorel,huile
Bonne chance,7/1/1960,,41,24,papier sur bois,huile
Jésus est bafoué,,,37,30,papier sur toile,huile
Patiente expectative,7/1/1960,Dinard,33,55,isorel,huile
sans,,Nice?,195,114,toile,huile
Baie des Anges 3 (titre posthume),1/1/1951,Nice,114,195,toile,huile
Provo d'orchestra (titre posthume),11/1/1950,Nice,114,195,toile,huile
La ville la nuit 1,1/1/1951,Nice,195,114,toile,huile
Hommage à Kandinsky (titre posthume),1/1/1960,Nice,195,114,toile,huile
Phenix,2/1/1958,Paris,162,114,toile,huile
Portrait posthume du temps,6/1/1976,,130,89,toile,huile
sans,1/1/1936,La Thibaudière,33,46,toile,huile
Divertissement pour la nuit de janvier,2/1/1955,Fontainebleau,61,46,toile,huile
Hommage à Gustave Courbet,6/1/1965,Paris,38,61,toile,huile
Une vie de chien,6/1/1960,Paris,38,61,toile?,huile
Tête d'un mort illustre qui avait perdu son sens de l'humour,3/1/1969,,37,30,papier sur ?,huile
Blessed Mary,1/1/1970,,34.5,25.5,papier marouflé,
"Sur la route, vers Sallenelles, un ami",4/1/1969,Paris,37,30.5,papier sur toile,huile
Le rêve de Nerval,1/1/1955,Fontainebleau,60,72,toile,huile
Sans titre,5/1/1954,Fontainebleau,65,53.5,toile,huile
Tourbillon,1/1/1960,,53.5,81,toile,huile
Sainte Fabeau,3/1/1955,Fontainebleau,100,81,toile,huile
Nu couché,11/1/1946,?,21,26,papier,crayon
Nu debout - Etude pour Nu aux gratte-ciels,1/1/1947,"Ridgefield, CT",26,21,papier,encre
Nu debout -Etude pour Nu aux gratte-ciels,1/1/1947,"Ridgefield, CT",31,15,papier,gouache
Nu assis - Etude pour Nu de Carnegie Hall,1/1/1947,"Ridgefield, CT",31.5,23,papier,crayon
Sans titre (Nature morte – bougeoir en argent),8/1/1947,"Ridgefield, CT",55,71,toile,huile
Nu couché - Etude,1/1/1948,"Ridgefield, CT",22,28,papier,Crayon et encre
Sans titre (Nu couché),2/1/1948,"Ridgefield, CT",73,99,toile,huile
Nu - étude,3/1/1950,Nice,19,35.5,papier,gouache
Nu,3/1/1950,Nice,65,100,toile,huile
La Baie des Anges,7/1/1950,Nice,65,100,toile,huile
Sans titre (composition),9/1/1950,Nice,65,100,toile,huile
Sans titre (composition),1/1/1951,Nice,33.5,31,papier,encre et fusain
Composition linéaire,1/1/1951,Nice,43.5,31,papier,encre
Portrait of a lady,10/1/1951,Nice,65,81,toile,huile
Machine à remonter le temps,10/1/1952,Nice,46,55,toile,huile
Pénitent noir,10/1/1952,Nice,46,55,toile,huile
Moonshine - Etude,3/1/1954,Fontainebleau,,,papier,gouache
Moonshine ou Girouette,3/1/1954,Fontainebleau,65,54,toile,huile
O Saisons O chateaux !,5/1/1955,Fontainebleau,73,60,toile,huile
Pegasus before landing,1/1/1956,Fontainebleau,81,65,toile,huile
Enfin Paris !,5/1/1956,Paris,48,32,papier,gouache
Attendez un peu – Espere um puoco,1/1/1956,Paris,92,73,toile,huile
Grand oiseau de Paradis,1/1/1957,Paris,45,32,papier,gouache
Sans titre,1/1/1957,Paris,41,31,papier,gouache
Sans titre,1/1/1957,Paris,47,31,papier,gouache
Sans titre,7/1/1957,Paris,43,30,papier,gouache
Etude pour Sardanapale,8/1/1957,Paris,27,41,isorel,huile
Sardanapale,12/1/1957,Paris,81,116,toile,huile
Les séductions de Lerne,4/1/1959,Paris,65,92,toile,huile
Chemin de la croix des âmes,1/1/1957,paris,161,113,toile,huile
Assez,1/1/1958,Paris,161,114,toile,huile
sans,1/1/1960,,112,159,toile,huile
Metalogie,3/1/1957,,162,114,toile,huile
In limine,10/1/1958,,161,113,toile,huile
Merci,1/1/1957,,145,114,toile,huile
Clockwork,6/1/1953,Fontainebleau,146,114,toile,huile
Nice a vol d'oiseau,1/1/1952,Nice,114,146,toile,huile
Pelican,1/1/1956,17 rue st senoch,145,113,toile,huile
sans,1/1/1950,,111,144,toile,huile
Nice,1/1/1952,,114,146,toile,huile
Mais rendre la lumière suppose de l'ombre une morne moitié,6/1/1954,Fontainebleau,89,116,toile,huile
Ré,9/1/1956,Paris,96,145,toile,huile
Tenebres a venir,6/1/1956,,145,97,toile,huile
Elle est retrouvee. Quoi ? L'eternite,6/1/1954,Fontainebleau,116,88,toile,huile
sans,10/1/1957,,81.5,116,toile,huile
Le quatre centieme coup,1/1/1958,,116,81,toile,huile
"Le ciel de soleil en haut, la mort en bas",7/1/1975,,88,115,toile,huile
sans,1/1/1970,,115,89,toile,huile
Rien de nouveau,1/1/1971,,116,89,toile,huile
Les filles du feu,11/1/1957,,81,116,toile,huile
sans,1/1/1947,,99,74.5,toile,huile
La nuit des sens,11/1/1952,Nice,65,92,toile,huile
Avon,8/1/1955,Fontainebleau,81,100,toile,huile
Droit au coeur,6/1/1955,Fontainebleau,100,81,toile,huile
Transverbération 2,8/1/1955,Fontainebleau,100,81,toile,huile
Pompei,3/1/1955,Fontainebleau,81,100,toile,huile
sans,7/1/1951,Nice,65,100,toile,huile
La chute de l'ange,11/1/1960,Paris,92,59.5,toile,huile
l'espoir a fui,3/1/1960,,92.5,60,toile,huile
A la memoire de R.V.G. qui sera mange,12/1/1960,Paris,92,65,toile,huile
Sans,11/1/1950,Nice,100,65,toile,huile
sans - Le Tricorne,11/1/1950,Nice,100,65,toile,huile
Composition no 3 a doubles croches,1/1/1951,Nice,92,65,toile,huile
sans,4/1/1952,Nice,73,92,toile,huile
Harlequin,11/1/1952,Nice,73,92,toile,huile
sans,11/1/1952,Nice,92,73,toile,huile
Sans titre - Composition Plage,8/1/1951,Nice,65,100,toile,huile
Sans titre,8/1/1950,Nice,65,100,toile,huile
Sans - Maître de Moulins,7/1/1952,Nice,73.5,92,toile,huile
Chemin de fer,3/1/1950,Nice,100,65,toile,huile
Sans - Composition élancée,1/1/1951,Nice,100,65,toile,huile
Sans - composition abstraite,4/1/1950,Nice,100,65,toile,huile
sans,1/1/1960,,92,60,toile,huile
sans,1/1/1960,,92,60,toile,huile
sans,1/1/1960,,60,92,toile,huile
Sans titre,1/1/1950,Nice,92,60,toile,huile
sans,1/1/1960,,92,60,toile,huile
sans,1/1/1960,,60,92,toile,huile
sans,1/1/1960,,92,60,toile,huile
Peinture à l'usage des enfants,3/1/1977,Paris,92,60,toile,huile
quatrain,5/1/1975,,60,92,toile,huile
Harbour,7/1/1962,Dinard,38,61,isorel,huile
sans,1/1/1960,,38,65,isorel,huile
Paquebot croisant par gros temps,9/1/1963,,38,61,isorel,huile
Portrait par lui-meme d'un peintre aveugle,1/1/1960,,61,38,isorel,huile
la nuit on est tranquille,8/3/1966,,38,61,isorel,huile
Colere,1/1/1960,,55,33,isorel,huile
sans,1/1/1960,South Salem,42.5,58,toile,huile
oignon et verre de vin,1/1/1960,South Salem,42.5,58,toile,huile
Femme assise à la chaise,1/1/1960,South Salem,58,43,toile,huile
Portrait de sa femme,1/1/1947,Waccabuc N-Y,37.5,31,carton,huile
Nature morte au livre,1/1/1960,"Ridgefield, Conn",65,54,toile,huile
Il dort,6/20/1969,Paris,80.5,65,toile,huile
Zénon ! Cruel Zénon ! Zénon d’Êlée !,8/1/1975,Franval,93,65,toile,huile
Le passeur des jours futurs - La mort d'une étoile,1/1/1977,Franval,100,65,toile,huile
Sans,1/1/1960,,65,100,toile,huile
A disconfiada,4/1/1975,Paris,100,65,toile,huile
Il faudrait savoir,1/1/1960,Paris,92,65,toile,huile
Zone,1/1/1960,Fontainebleau,65,81,toile,huile
Sans,1/1/1960,Paris,65,91.5,toile,huile
Sans,9/1/1952,Nice,73,92,toile,huile
Sans titre,8/1/1952,Nice,73,92,toile,huile
Sans,1/1/1960,Nice,73,92,toile,huile
"Essayez de rire, vous verrez comme c'est drôle",6/1/1975,Paris,73,92,toile,huile
Je suis l'inconsole,1/1/1960,,92,73,toile,huile
La licorne et le capricorne - Paysage du Val,1/1/1974,,73,92,toile,huile
O mon souverain roi,6/1/1962,Paris,92,73,toile,huile
Sans,1/1/1960,Nice,73,92,toile,huile
Sans titre,1/1/1960,Nice,73,92,toile,huile
Sans titre,1/1/1960,Nice,73,92,toile,huile
Feu,12/1/1957,,91.5,65,toile,huile
Le feu sur les eaux,1/1/1960,Fontainebleau,60,73,toile,huile
C'est ainsi que j'ai ete cree - Eloge de la folie,1/1/1960,,60,73,toile,huile
Mater Dei,2/1/1963,Paris,73,60,toile,huile
La maison où mourut mon espoir,2/1/1963,Paris,60,73,toile,huile
Destruction de la ville,1/1/1960,Fontainebleau,60,73,toile,huile
La grande allee,1/1/1960,Fontainebleau,60,73,toile,huile
L'horreur de ne pas être,1/1/1960,Fontainebleau,73,60,toile,huile
Per me si va,9/1/1960,Paris,60,92.5,toile,huile
Vendredi Saint dans la matinee,1/1/1960,,73,60,toile,huile
La naissance du souvenir,1/1/1960,,73,60,toile,huile
Il fait beau ce matin,1/1/1960,,73,60,toile,huile
Souvenir de vacances à la campagne,1/1/1960,,60,73,toile,huile
Secundum magnum bonitatem tuum,1/1/1969,,60,81,toile,huile
Alcools,1/1/1960,"Waccabuc, NY",49,68,toile sur carton,huile
Sans titre - Nice Composition,1/1/1950,Nice,81,60,toile,huile
Sans,1/1/1960,,65,50,,
Sans,1/1/1960,,61,51,isorel,huile
Sans,1/1/1960,,65,50,toile,huile
Sans,1/1/1960,,81,45,toile,huile
Sans,1/1/1960,La Thibaudiere?,65,50,toile,huile
"Enfin, Paris",5/1/1956,Paris,54,81,toile,huile
Histoire de faire plaisir,6/1/1976,,54,65,toile,huile
Hypostase d'un peintre singulier… et peut-etre universel,6/8/1967,Paris,73,54,toile,huile
Flammes horizontales,11/15/1959,Paris,54,73,toile,huile
A la mémoire d'un cousin tué le 16 avril 1967,5/6/1967,,54,73,toile,huile
"Un peu de manichéisme, où le Bien triomphe",7/14/1967,,73,54,toile,huile
Doom,1/1/1960,,54,73,toile,huile
Sans,1/1/1960,,65,54,toile,huile
Oranges et bananes,1/1/1960,Paris,54,65,toile,huile
Ascendance à la nuit,1/1/1960,,81,54,toile,huile
Plus difficile à dire qu'à faire,1/1/1960,,81,54,toile,huile
Sans,1/1/1960,,55,46,toile,huile
Sans,1/1/1960,Paris,55,46,toile,huile
Ecce sanguinis meae,1/1/1960,,50,65,toile,huile
"C'est moi qui t'ai peint, mon pote",1/1/1960,,50,73,toile,huile
"Mon Dieu, faites que je ne perde pas la vue",6/9/1967,,45.5,60.5,toile,huile
Portrait d'un prince,1/1/1960,,73,50,toile,huile
En le saint jour de la pentecôte,5/14/1967,,50,73,toile,huile
La debâcle,1/1/1960,,50,73,toile,huile
Peintre pauvre vient d'etre crucifié,1/1/1960,,73,50,toile,huile
Fuite devant le jour,1/1/1960,,50,73,toile,huile
Peinture abstraite avec couronne,1/1/1960,Fontainebleau,73,50,toile,huile
Le lendemain de la souffrance,1/1/1960,,65,53,toile,huile
L'ile,1/1/1960,Fontainebleau,61,50,toile,huile
La gloire du matin,1/1/1960,Fontainebleau,50,61,toile,huile
Avant l'horreur,12/1/1966,,65,46,toile,huile
Le demon pris à son piège,1/1/1960,,65,46,toile,huile
A la mémoire de mon ami qui est mort le 25 décembre 1936,1/9/1967,Paris,60.5,38,,
Sans,1/1/1960,,55,46,toile,huile
Sans,1/1/1960,,71,59,toile,huile
Sans,1/1/1960,Montlaur,48,63,toile,huile
Maguelone,1/1/1960,Maguelone,48,36,toile,huile
Sans titre,1/1/1960,,53.5,36.5,toile,huile
Sans,1/1/1960,,41,29.5,bois,huile
sans,1/1/1960,,40,28,bois,huile
Sans,1/1/1960,,46,38,toile,huile
Sans,1/1/1960,,41,33,toile,huile
Sans,1/1/1960,,46,38,carton,huile
Sans,1/1/1960,,46,38,toile,huile
Sans,1/1/1932,,46,38,toile,huile
Sans,1/1/1960,,46,38,toile,huile
Sans - La Thibaudière,1/1/1960,,24,33,toile,huile
Sans,1/1/1960,vers 1931-32,24,33,toile,huile
Portrait de quelqu'un **** de patience,3/19/1968,,33,24,toile,huile
Portrait Elizabeth,3/1/1968,,33,24,toile,huile
Sans,1/1/1960,,37,30,papier sur toile,huile
XII/44   VII/45,1/1/1969,,37,30,papier marouflé,huile
Sans,1/1/1960,Franval,61,50,toile,encre de chine
havoc,1/1/1960,,33,46,toile,huile
Composition abstraite (oeuvre posthume),2/10/1968,,33,24,toile,huile
Sans,1/1/1960,,55,46,isorel,huile
Avant le deluge,1/1/1960,,55,46,isorel,huile
Sans,7/1/1961,,55,46,isorel,huile
Sans,1/1/1960,,46,55,isorel,huile
Portrait d'Henri Bouvier,7/31/1972,Rotheneuf,55,46,papier sur bois,huile
La nuit du 14 au 15 aout,8/15/1972,Rotheneuf,46,55,papier sur bois,huile
Hommage a Mr Coué,7/4/1972,Rothéneuf,46,55,papier sur bois,huile
Essai de possession de soi,7/10/1972,Rotheneuf,46,55,papier sur bois,huile
Une figuration de la paix quand on ne sait pas l'exprimer,8/11/1966,Dinard,38,61,isorel,huile
En memoire de ce que je ne saurais dire,7/3/1966,Dinard,61,38,isorel,huile
Du sang sur la route,8/1/1966,Dinard,61,38,isorel,huile
A la memoire de ma tante qui est morte en décembre 1944 au camp de Ravensbrück,1/1/1960,Dinard,61,38,isorel,huile
Pale comprehension du depart,1/1/1960,Dinard,61,38,isorel,huile
On commence à comprendre,7/15/1966,Dinard,38,61,isorel,huile
Cauchemard d'une nuit d'ete,12/18/1966,Dinard,61,38,isorel,huile
Premonition de la mort,7/24/1966,dinard,38,61,isorel,huile
Coup de vent en Bretagne,8/1/1961,Dinard,38,61,isorel,huile
Sans,1/1/1960,Dinard,61,38,isorel,huile
Portrait de famille,1/1/1960,Dinard,61,38,isorel,huile
Ou sont mes amis morts ?,1/1/1960,,61,38,isorel,huile
Desordre (ou Sérénité),1/1/1960,,61,38,isorel,huile
Sans,1/1/1960,,61,38,isorel,huile
Le noeud gordien,1/1/1960,,38,61,isorel,huile
sans,7/9/1963,,38,61,isorel,huile
Portrait de femme,1/1/1960,,61,38,isorel,huile
Portrait du peintre,1/1/1960,,61,38,isorel,huile
C'est moi qui ai peint ca,10/1/1966,,50,59,papier sur isorel,huile
Les pignoufs vaincront,8/14/1966,,50,56.5,papier sur isorel,huile
Souvenir normand,7/26/1972,,46,55,papier sur bois,huile
L'ombre d'Anchise,1/1/1960,,61,38,isorel,huile
Le lit de Procuste,1/1/1960,,38,61,isorel,huile
La porte de l'enfer,1/1/1960,,61,38,isorel,huile
Poor Yorick,1/1/1960,,61,38,isorel,huile
"Je vous demande pardon, ma Mere Courage",8/25/1968,Dinard,38,55,papier sur bois,huile
Unfinished Landscape,7/15/1968,Dinard,38,55,papier sur bois,huile
"Je n'ai pas peur de vous, Madame",1/1/1960,Paris,38,55,isorel,huile
Zarathoustra avait oublie de Parler,7/23/1967,"Dinard, Paris",38,55,isorel,huile
Le tumulus du Mont des Lauriers,8/7/1967,Dinard,38,55,isorel,huile
Un sourire aimable de la part d'une non-entité,8/4/1967,Dinard   Paris,55,38,isorel,huile
Soyons raisonnable,1/1/1960,Dinard,55,38,isorel,huile
A l'improviste,1/1/1960,Dinard,55,38,isorel,huile
Un visiteur importun,1/1/1960,Dinard,38,55,isorel,huile
En souvenir de l'Allemagne europeenne,9/7/1971,,46,38,papier sur bois,huile
Pseudo-metabolisme,9/14/1971,,38,46,papier sur bois,huile
My castle at dusk,1/1/1960,Dinard,33,55,isorel,huile
Sans,1/1/1960,Dinard,55,33,isorel,huile
Le voile du temple est dechire en deux,1/1/1960,Dinard,55,38,isorel,huile
La nuit est mon bonheur,1/1/1960,Dinard,55,38,isorel,huile
Autoportrait,1/1/1960,Dinard,55,38,isorel,huile
C'est comme celui qui peint apres avoir vu un ami,1/1/1966,,55,38,isorel,huile
Peillon n°1,8/7/1957,,27,41,isorel,huile
O mon amour,1/1/1960,,60,92,toile,huile
Peinture agreste,1/1/1960,,60,92,toile,huile
Souvenir d'Issenheim,1/1/1960,"Paris, rue de Varenne",60,92,toile,huile
Descente de Croix,1/1/1960,,73,92,toile,huile
La promesse des fleurs,1/1/1960,,73,92,toile,huile
Transverbération ou Teresa,1/1/1960,Fontainebleau,81,65,toile,huile
Corrida d'epoque decouverte en 1976,6/1/1976,,162,97,toile,huile
Pour le Musee du Louvres,1/1/1960,Nice,195,92,,
Il y a plus d'un soleil qui fait saigner la terre,4/1/1967,,50,73,toile,huile
Le rêve de Berganza,2/1/1972,Paris,54.5,81,toile,huile
sans,1/1/1960,Nice,27,41,toile,huile
Auto-portrait sans indulgence,1/28/1969,,36,29,papier sur toile,huile
Le jugement de Paris d'apres Giuliano Romano,1/1/1960,,33,55,toile,huile
Voici venir l'automne,1/1/1960,,41,27,toile,huile
En souvenir de Sandro qui a essaye de m'apprendre la peinture,1/1/1960,,18,10.80000019,papier sur isorel,huile
For Holy Mary,1/1/1960,,11,30.5,papier sur isorel,huile
A longing to be with Thee,12/15/1967,,28,80,toile,huile
Souvenez-vous,12/11/1966,,61,46,toile,huile
A mon beau château,1/1/1960,,38,61,toile,huile
Le bord de la mer,1/1/1960,"Dinard, Saint Enogat",38,55,isorel,huile
Ma Désirade,1/1/1975,Paris,60,92,toile,huile
Le Courage,8/1/1976,Paris,54.5,65,toile,huile
Portrait de Monsieur Bertin peint par quelqu'un d'autre que Jean Dominique Ingres,1/1/1960,,46,61,toile,huile
En depit d'une adversite pecuniaire certaine,1/1/1960,,61,38,toile,huile
Hommage a Hieronymus Bosch,1/1/1960,Paris,33.5,55,toile,huile
On a brulé les ruches blanches,1/1/1960,,61,38,toile,huile
La Vierge quae est ista,5/1/1977,,195,114,toile,huile
Si j'avais envie d'etre mechant,1/1/1960,,29.5,63,isorel,huile
Au dessus du Pas de Calais au crepuscule,1/1/1960,,9,21.5,isorel,huile
L'étoile se lève claire sur un matin sale,1/1/1960,,55,46,papier sur bois,huile
"étude pour ""l'horreur de ne pas être""",1/1/1960,Fontainebleau,31.5,24,papier,gouache
sans,1/1/1960,,24,32,papier,huile
"étude pour,,,",1/1/1960,Nice,25,32.5,papier,gouache
sans,1/1/1960,Nice,25,32.5,papier,gouache
sans,1/1/1960,,24,31.5,papier,gouache
Etude pour Nice Composition 3,1/1/1960,,25.5,35.5,papier,gouache
la baie des anges,1/1/1960,,25.5,34.5,papier,gouache
la baie des anges,1/1/1960,,26.5,34,papier,gouache
Landscape,1/1/1960,"Westchester County N,Y,",29.5,37,papier,gouache
sans,1/1/1960,,24,31.5,papier,gouache
"étude pour ""tableau pour le musée du Louvre""",1/1/1960,Nice,19.5,32.5,papier,gouache
sans,1/1/1960,,25,32.5,papier,gouache
sans,1/1/1960,,24,31.5,papier,gouache
sans,1/1/1960,,25,32.5,papier,gouache
"étude pour ""Cheval de Troie""",1/1/1960,Fontainebleau,28,24,papier,gouache
"étude pour ""Cheval de Troie""",1/1/1953,Fontainebleau,27.5,24,papier,gouache
sans,1/1/1960,Fontainebleau,32,24,papier,gouache
sans,1/1/1960,,24,32,papier,gouache
"étude pour ""destruction de la ville""",1/1/1960,,24,32,papier,gouache
sans,1/1/1960,,24,32,papier,gouache
sans,1/1/1960,,24,32,papier,gouache
sans,1/1/1960,,25,32.5,papier,gouache
sans,1/1/1960,,25,32.5,papier,gouache
Les yeux écarquillés,1/1/1960,,31.5,41.5,papier,gouache
sans,1/1/1960,,24,26,papier,gouache
sans,1/1/1960,,41,31.5,papier,gouache
sans,1/1/1960,,48,31.5,papier,gouache
étude pour tête d'ombre 1957,1/1/1960,,42,31,papier,gouache
puriculum antrum 1973,1/1/1960,,45,38,papier,gouache
sans,1/1/1960,,32,41,papier,huile
sans,1/1/1960,,41.5,31.5,papier,gouache
sans,1/1/1960,,41.5,31.5,papier,gouache
sans,1/1/1960,,41.5,31.5,papier,gouache
Etude pour Nice - Nu,1/1/1960,Nice,16,23.5,papier,gouache
Etude pour Nice - Nu,1/1/1960,Nice,16,23.5,papier,gouache
sans,1/1/1960,,37,31,papier,huile
sans,1/1/1960,,50,32.5,papier,gouache
sans,1/1/1960,,47.5,31.5,papier,gouache
sans,1/1/1960,,31.5,48,papier,gouache
sans,1/1/1960,,48,31.5,papier,gouache
sans,1/1/1960,,31.5,48,papier,gouache
sans,1/1/1960,,31.5,48,papier,gouache
Ciel strié d'oiseaux,1/1/1960,ile de Ré,31.5,43.5,papier,gouache
sans,1/1/1960,,31.5,44,papier,gouache
Les filles du feu,1/1/1960,Paris,31.5,43,papier,gouache
sans,1/1/1960,,43,31.5,papier,gouache
Sucy Pereire,1/1/1960,Paris,31.5,41,papier,gouache
sans,1/1/1960,,31.5,41.5,papier,gouache
sans,1/1/1960,,31.5,41.5,papier,gouache
Les séductions de Lerne,1/1/1960,Paris,31.5,44,papier,gouache
sans,1/1/1960,,41.5,31.5,papier,gouache
sans,1/1/1960,,41.5,31.5,papier,gouache
sans,1/1/1960,,32,42,papier,gouache
Sans titre,1/1/1960,,31.5,41.5,papier,gouache
sans,1/1/1960,,41.5,31.5,papier,gouache
Sans titre,1/1/1950,,41.5,31.5,papier,gouache
sans,1/1/1960,,41,31,papier,gouache
"variation sur ""tête d'ombre""",1/1/1960,,31.5,40,papier,gouache
Le pélican,1/1/1960,,40,31.5,papier,gouache
étude pour une peinture sans titre,1/1/1960,Fontainebleau,32,24,papier,gouache
sans,1/1/1960,,31.5,24,papier,gouache
,1/1/1960,,17.5,31.5,papier,gouache
Le Tulipier,7/27/1969,Dinard,55,46,toile,huile
De profundis clamavi,1/1/1960,,97,162,toile,huile
Le lavoir de l'île,1/1/1960,La Thibaudière,28,40,carton,
Mais qu'est-ce que j'ai fait ?,6/1/1963,,60,73,toile,huile
Halloween,8/12/1972,,55,46,papier sur bois,huile
Nu au gratte-ciel,1/1/1960,New York,39.5,29,carton,huile
Femme nue (Carnegie Hall),1/1/1960,New York,41,27,carton,huile
Flora,1/1/1960,New York,100,41,,
Le plat d'argent,1/1/1960,"Ridgefield, Conn",73,60,,huile
Les oranges,1/1/1960,,43,59,toile,huile
Nature morte aux livres 48,1/1/1960,"South Salem, NY",61,50,toile,huile
Les Beaux Quartiers,1/1/1960,Paris,55,46,toile,huile
Petit paysage,1/1/1960,,38,46,papier,huile
Nu endormi,1/1/1960,,33,55,,huile
la baie des anges,1/1/1960,,50,61,,
Actus tragicus,4/1/1972,Paris,92,60,toile,huile
Pour un plongeon de bon souffle : - direction -> la fosse des Kariles,1/1/1960,,195,97,toile,huile
La torche du solstice,1/1/1960,,114,195,toile,huile
Et j'ai vu quelquefois ce que l'homme a cru voir,1/1/1960,,114,195,toile,huile
La mort dans l'âme,1/1/1960,,195,114,toile,huile
La lutte de Jacob avec l'ange,1/1/1960,,114,195,toile,huile
A la mémoire des pauvres morts,1/1/1960,,97,162,toile,huile
Le chêne de Vincennes sans Saint Louis,1/1/1962,,97,162,toile,huile
Le mauvais rêve,1/1/1960,,97,162,toile,huile
Impact,1/1/1960,,162,97,toile,huile
Anchise,1/1/1960,,116,89,toile,huile
La douzième nuit,1/1/1960,,116,81,toile,huile
Adieu vous dy Cherche Midy,1/1/1960,,89,130,toile,huile
Socoa,1/1/1960,,81,130,toile,huile
Petit poisson deviendra grand pourvu que Dieu lui prête vie,1/1/1960,,81,116,toile,huile
Au sortir de l'hiver,1/1/1960,,92,65,toile,huile
Bagatelle,1/1/1960,,92,65,toile,huile
Automne,1/1/1960,,92,73,toile,huile
Cosmogonie pratique,1/1/1960,,92,73,toile,huile
Danse rituelle n° 1,1/1/1960,,60,92,toile,huile
Gnose,1/1/1960,,92,60,toile,huile
En ce temps-là je vous disais,1/1/1960,,65,92,toile,huile
La mort du poète,1/1/1960,,92,65,toile,huile
Es war ein wunderlicher krieg,1/1/1960,,65,81,toile,huile
Solitude en commun,1/1/1960,,81,60,toile,huile
Dors en avant,1/1/1960,,65,54,toile,huile
La connaissance des choses,1/1/1960,,65,54,,huile
Facies personae,1/1/1960,,81,54,,huile
Danse rituelle n° 2,1/1/1960,,81,54,toile,huile
La nuit d'Aurélia,1/1/1960,,60,73,,huile
Fons vallis clausae,1/1/1960,,65,54,,huile
One June early morning,1/1/1972,,46,55,papier sur contreplaqué,huile
Sans titre - Baie des Anges,1/1/1960,Nice,24,35,,
"""Ah mon beau château"" ou ""Le bord de la mer""",8/1/1964,Dinard,38,54.5,isorel,huile
Portrait d'Adelaide de Montlaur,1/1/1960,,61,51,toile,huile
Paysage d'Anjou,1/1/1960,La Thibaudière,14,22,isorel,
Les fruits,,,55,38,,
Portrait d'Aménophis III,9/1/1963,Dinard,61,38,isorel,huile
Sans titre,8/1/1950,Nice,65,100,toile,huile
Bonhomme,9/18/1971,,38,46,papier,huile
Brise Marine,3/1/1962,Paris,38,61,toile,huile
Totapène,9/24/1971,,38,46,,
Gardien,,,37,46,papier,huile
Petite peinture de nuit,,Dinard,27,46,toile,huile
Les torches du Solstice,7/1/1962,Dinard,61,38,isorel,huile
"Trahe me post te, Domine",,,62,38,isorel,huile
Soleils couchants,,Dinard,61,38,isorel,huile
In memory of midsummer 1944,7/15/1972,,46,55,papier sur bois,huile
Hope and strength and courage = relative peace,7/7/1972,,55,46,papier sur bois,huile
Aubade,,,54,81,toile,huile
Nike,,,116,89,toile,huile
Absorpta est mors in Victoria,1/1/1974,,195,114,toile,huile
Arma virumque cano,,,92,73,toile,huile
Amour du très petit,1/1/1976,,54,64,toile,huile
Gaieté,4/1/1958,Paris,73,54,toile,huile
Les Silences de Tolède,,,55,38,papier sur toile,huile
Peinture en forme de vitrail,,,55,33,toile,huile
Merci,,,40,32,papier,gouache
Blonde Pulpe,,,114,146,,
Sacy Pereire,,,114,162,,
Peillon N°2,,,41,27,isorel,huile
Cheval de Troie,,St Jean de Luz,46,33,isorel,huile
Conversation,,St Jean de Luz,46,33,isorel,huile
L'arbre de la vie,,,100,65,toile,huile
The Golden River,,,81,116,toile,huile
"Je t'ai porté dans mon sein, je t'aime de tout mon cœur",,,130,81,,
Voilà comme je suis,,St Enogat,55,38,isorel,huile
Souvenir de l'Italie où je n'ai jamais été,,,38,55,isorel,huile
On se repose comme on peut,,St Enogat,38,55,isorel,huile
Jeanne Hachette,,St Enogat,38,55,isorel,huile
La chute d'Icare,,,55,46,isorel,huile
La nuit du 25 janvier 1855 rue de la vieille Lanterne,,,33,55,isorel,huile
Le repos est grâce,,,63,30,isorel,huile
Souvenir de Montlaur,,,55,33,isorel,huile
Les yeux écarquillés,,,24.5,32,isorel,huile
La vérité irréfutable,,,195,114,toile,huile
C'est comme cela que j'ai peint quand je venais de voir  un ami,,,61,38,toile,huile
Plaisanterie sur le fascisme,1/7/1967,,38,61,toile,huile
Peinture inconçue - mais conditionnelle… à condition d'être conçue,3/10/1967,,61,38,toile,huile
Quel temps fera-t-il aujourd'hui,8/11/1967,,38,55,isorel,huile
Portrait de Jeanne assise sur une chaise à 2 pieds,7/20/1968,Dinard,55,38,papier,huile
I am Lazarus come from the dead,2/1/1969,,41,24,toile,huile
"Si la nature est morte, ce n'est qu'en apparence",3/1/1969,,81,60,,
L'antre,7/16/1970,,,,,
Ariane,7/15/1970,,38,46,papier sur bois,huile
Rencontre nocturne,1/1/1971,,73,92,,
Demi sommeil,9/3/1971,,46,38,papier,huile
Effet lumineux quand tombe la nuit,7/25/1972,,,,papier sur bois,huile
Un voyage de l'archange Raphaël à Londres en 1943,8/18/1972,,46,55,papier sur bois,huile
Franval peut-être,7/1/1974,,55,46,isorel,huile
Une manière de se présenter,6/1/1976,,65,54,toile,huile
Il fait frais ce matin,8/1/1976,,65,54,,
Moïse,7/1/1963,Dinard,61,38,isorel,huile
Indian summer,,Ridgefield - Paris,54,65,toile,huile
En souvenir d'une amusante semaine du mois de novembre 1968,11/1/1968,Paris,35,25,papier sur toile,huile
Portrait de Dauphine,9/1/1969,Paris,33,24,toile,huile
Le mystère de la chambre sans couleur,7/1/1967,Dinard,38,55,isorel,huile
O mon souverain roi,10/1/1964,Paris,29,54,isorel,huile
La terre est bleue comme une orange,,Rothéneuf,55,46,papier sur isorel,huile
Flammes,10/1/1959,,78,53,toile,huile
La nuit,7/2/1976,Franval,54,65,toile,huile
Quare conturbas me,7/8/1976,Franval,65,54,toile,huile
Le jour avant la fin du Monde,12/1/1959,Paris,54.5,81,toile,huile
Essai de construction d’une paix relative,8/10/1966,Dinard,38,61,isorel,huile
L’espace pris pour temps,,Franval,73,92,toile,huile
Le Tour du Monde en 80 jours,4/1/1963,Paris,73,92,toile,huile
Levis est fit patientia quidquid corrigere est nefas,7/26/1967,Dinard,38,55,isorel,huile
Peinture comme on aimerait en voir,3/1/1961,Paris,46,65,,huile
Les marches du Temple avaient …. Horizontales,9/1/1967,,56,38,isorel,huile
Starting Box,7/1/1970,Rothéneuf,40,47,papier sur isorel,huile
Gyroscope en mineur,9/1/1971,,45,38,,huile
Nu,,Nice,37,45,,
petit format 18 10,,,18,10,isorel,huile
Petit tableau abstrait,,,19,31.5,toile,huile
Septembre au bois de Boulogne,9/1/1968,,55,38,papier sur contreplaqué,huile
